season,competition_id,league_name,domestic_value,league_type,country_code
2013/2014,301,albania_superliga,1,domestic,ALB
2014/2015,300,albania_superliga,1,domestic,ALB
2015/2016,331,albania_superliga,1,domestic,ALB
2016/2017,299,albania_superliga,1,domestic,ALB
2017/2018,298,albania_superliga,1,domestic,ALB
2018/2019,1642,albania_superliga,1,domestic,ALB
2019/2020,2710,albania_superliga,1,domestic,ALB
2020/2021,4859,albania_superliga,1,domestic,ALB
2021/2022,6220,albania_superliga,1,domestic,ALB
2022/2023,7862,albania_superliga,1,domestic,ALB
2023/2024,10214,albania_superliga,1,domestic,ALB
2024/2025,12699,albania_superliga,1,domestic,ALB
2013/2014,135,armenia_armenian_premier_league,1,domestic,ARM
2014/2015,134,armenia_armenian_premier_league,1,domestic,ARM
2015/2016,216,armenia_armenian_premier_league,1,domestic,ARM
2016/2017,133,armenia_armenian_premier_league,1,domestic,ARM
2017/2018,185,armenia_armenian_premier_league,1,domestic,ARM
2018/2019,1671,armenia_armenian_premier_league,1,domestic,ARM
2019/2020,2403,armenia_armenian_premier_league,1,domestic,ARM
2020/2021,4613,armenia_armenian_premier_league,1,domestic,ARM
2021/2022,6151,armenia_armenian_premier_league,1,domestic,ARM
2022/2023,7863,armenia_armenian_premier_league,1,domestic,ARM
2023/2024,9703,armenia_armenian_premier_league,1,domestic,ARM
2024/2025,12638,armenia_armenian_premier_league,1,domestic,ARM
2013/2014,92,austria_bundesliga,1,domestic,AUT
2014/2015,91,austria_bundesliga,1,domestic,AUT
2015/2016,90,austria_bundesliga,1,domestic,AUT
2016/2017,89,austria_bundesliga,1,domestic,AUT
2017/2018,190,austria_bundesliga,1,domestic,AUT
2018/2019,1556,austria_bundesliga,1,domestic,AUT
2019/2020,4384,austria_bundesliga,1,domestic,AUT
2020/2021,4861,austria_bundesliga,1,domestic,AUT
2021/2022,6008,austria_bundesliga,1,domestic,AUT
2022/2023,7890,austria_bundesliga,1,domestic,AUT
2023/2024,9954,austria_bundesliga,1,domestic,AUT
2024/2025,12472,austria_bundesliga,1,domestic,AUT
2013/2014,146,azerbaijan_premyer_liqas,1,domestic,AZE
2014/2015,145,azerbaijan_premyer_liqas,1,domestic,AZE
2015/2016,144,azerbaijan_premyer_liqas,1,domestic,AZE
2016/2017,143,azerbaijan_premyer_liqas,1,domestic,AZE
2017/2018,194,azerbaijan_premyer_liqas,1,domestic,AZE
2018/2019,1713,azerbaijan_premyer_liqas,1,domestic,AZE
2019/2020,2641,azerbaijan_premyer_liqas,1,domestic,AZE
2020/2021,4754,azerbaijan_premyer_liqas,1,domestic,AZE
2021/2022,6221,azerbaijan_premyer_liqas,1,domestic,AZE
2022/2023,7850,azerbaijan_premyer_liqas,1,domestic,AZE
2023/2024,9903,azerbaijan_premyer_liqas,1,domestic,AZE
2024/2025,12740,azerbaijan_premyer_liqas,1,domestic,AZE
2015/2016,112,belgium_pro_league,1,domestic,BEL
2016/2017,82,belgium_pro_league,1,domestic,BEL
2017/2018,184,belgium_pro_league,1,domestic,BEL
2018/2019,1537,belgium_pro_league,1,domestic,BEL
2019/2020,2262,belgium_pro_league,1,domestic,BEL
2020/2021,4567,belgium_pro_league,1,domestic,BEL
2021/2022,6079,belgium_pro_league,1,domestic,BEL
2022/2023,7544,belgium_pro_league,1,domestic,BEL
2023/2024,9577,belgium_pro_league,1,domestic,BEL
2024/2025,12137,belgium_pro_league,1,domestic,BEL
2013/2014,695,bulgaria_first_league,1,domestic,BGR
2014/2015,694,bulgaria_first_league,1,domestic,BGR
2015/2016,692,bulgaria_first_league,1,domestic,BGR
2016/2017,691,bulgaria_first_league,1,domestic,BGR
2017/2018,690,bulgaria_first_league,1,domestic,BGR
2018/2019,1547,bulgaria_first_league,1,domestic,BGR
2019/2020,2285,bulgaria_first_league,1,domestic,BGR
2020/2021,4574,bulgaria_first_league,1,domestic,BGR
2021/2022,6012,bulgaria_first_league,1,domestic,BGR
2022/2023,7483,bulgaria_first_league,1,domestic,BGR
2023/2024,9551,bulgaria_first_league,1,domestic,BGR
2024/2025,12149,bulgaria_first_league,1,domestic,BGR
2013/2014,404,croatia_prva_hnl,1,domestic,HRV
2014/2015,403,croatia_prva_hnl,1,domestic,HRV
2015/2016,402,croatia_prva_hnl,1,domestic,HRV
2016/2017,401,croatia_prva_hnl,1,domestic,HRV
2017/2018,397,croatia_prva_hnl,1,domestic,HRV
2018/2019,1557,croatia_prva_hnl,1,domestic,HRV
2019/2020,2278,croatia_prva_hnl,1,domestic,HRV
2020/2021,4660,croatia_prva_hnl,1,domestic,HRV
2021/2022,5956,croatia_prva_hnl,1,domestic,HRV
2022/2023,7457,croatia_prva_hnl,1,domestic,HRV
2023/2024,9542,croatia_prva_hnl,1,domestic,HRV
2024/2025,12121,croatia_prva_hnl,1,domestic,HRV
2011/2012,4314,czech_republic_first_league,1,domestic,CZE
2012/2013,4308,czech_republic_first_league,1,domestic,CZE
2013/2014,541,czech_republic_first_league,1,domestic,CZE
2014/2015,540,czech_republic_first_league,1,domestic,CZE
2015/2016,539,czech_republic_first_league,1,domestic,CZE
2016/2017,538,czech_republic_first_league,1,domestic,CZE
2017/2018,537,czech_republic_first_league,1,domestic,CZE
2018/2019,1545,czech_republic_first_league,1,domestic,CZE
2019/2020,2268,czech_republic_first_league,1,domestic,CZE
2020/2021,4801,czech_republic_first_league,1,domestic,CZE
2021/2022,5938,czech_republic_first_league,1,domestic,CZE
2022/2023,7586,czech_republic_first_league,1,domestic,CZE
2023/2024,9592,czech_republic_first_league,1,domestic,CZE
2024/2025,12336,czech_republic_first_league,1,domestic,CZE
2013/2014,565,denmark_superliga,1,domestic,DNK
2014/2015,564,denmark_superliga,1,domestic,DNK
2015/2016,563,denmark_superliga,1,domestic,DNK
2016/2017,562,denmark_superliga,1,domestic,DNK
2017/2018,561,denmark_superliga,1,domestic,DNK
2018/2019,1538,denmark_superliga,1,domestic,DNK
2019/2020,2245,denmark_superliga,1,domestic,DNK
2020/2021,4642,denmark_superliga,1,domestic,DNK
2021/2022,5961,denmark_superliga,1,domestic,DNK
2022/2023,7426,denmark_superliga,1,domestic,DNK
2023/2024,9545,denmark_superliga,1,domestic,DNK
2024/2025,12132,denmark_superliga,1,domestic,DNK
2011/2012,3143,england_championship,1,domestic,UNK
2012/2013,3141,england_championship,1,domestic,UNK
2013/2014,27,england_championship,1,domestic,UNK
2014/2015,26,england_championship,1,domestic,UNK
2015/2016,25,england_championship,1,domestic,UNK
2016/2017,22,england_championship,1,domestic,UNK
2017/2018,165,england_championship,1,domestic,UNK
2018/2019,1624,england_championship,1,domestic,UNK
2019/2020,2187,england_championship,1,domestic,UNK
2020/2021,4912,england_championship,1,domestic,UNK
2021/2022,6089,england_championship,1,domestic,UNK
2022/2023,7593,england_championship,1,domestic,UNK
2023/2024,9663,england_championship,1,domestic,UNK
2024/2025,12451,england_championship,1,domestic,UNK
2011/2012,3876,england_community_shield,1,interleague,UNK
2012/2013,3875,england_community_shield,1,interleague,UNK
2013/2014,3874,england_community_shield,1,interleague,UNK
2014/2015,3873,england_community_shield,1,interleague,UNK
2015/2016,3872,england_community_shield,1,interleague,UNK
2016/2017,3871,england_community_shield,1,interleague,UNK
2017/2018,3870,england_community_shield,1,interleague,UNK
2018/2019,1626,england_community_shield,1,interleague,UNK
2019/2020,2196,england_community_shield,1,interleague,UNK
2020/2021,4657,england_community_shield,1,interleague,UNK
2021/2022,5962,england_community_shield,1,interleague,UNK
2022/2023,7348,england_community_shield,1,interleague,UNK
2023/2024,9541,england_community_shield,1,interleague,UNK
2024/2025,12036,england_community_shield,1,interleague,UNK
2011/2012,3952,england_efl_league_one,1,domestic,UNK
2012/2013,3950,england_efl_league_one,1,domestic,UNK
2013/2014,31,england_efl_league_one,1,domestic,UNK
2014/2015,30,england_efl_league_one,1,domestic,UNK
2015/2016,29,england_efl_league_one,1,domestic,UNK
2016/2017,28,england_efl_league_one,1,domestic,UNK
2017/2018,166,england_efl_league_one,1,domestic,UNK
2018/2019,1564,england_efl_league_one,1,domestic,UNK
2019/2020,2191,england_efl_league_one,1,domestic,UNK
2020/2021,4845,england_efl_league_one,1,domestic,UNK
2021/2022,6017,england_efl_league_one,1,domestic,UNK
2022/2023,7570,england_efl_league_one,1,domestic,UNK
2023/2024,9582,england_efl_league_one,1,domestic,UNK
2024/2025,12446,england_efl_league_one,1,domestic,UNK
2015/2016,33,england_efl_league_two,1,domestic,UNK
2016/2017,32,england_efl_league_two,1,domestic,UNK
2017/2018,170,england_efl_league_two,1,domestic,UNK
2018/2019,1574,england_efl_league_two,1,domestic,UNK
2019/2020,2192,england_efl_league_two,1,domestic,UNK
2020/2021,4844,england_efl_league_two,1,domestic,UNK
2021/2022,6015,england_efl_league_two,1,domestic,UNK
2022/2023,7574,england_efl_league_two,1,domestic,UNK
2023/2024,9581,england_efl_league_two,1,domestic,UNK
2024/2025,12422,england_efl_league_two,1,domestic,UNK
2011/2012,3917,england_fa_cup,1,interleague,UNK
2012/2013,3912,england_fa_cup,1,interleague,UNK
2013/2014,1037,england_fa_cup,1,interleague,UNK
2014/2015,1036,england_fa_cup,1,interleague,UNK
2015/2016,1035,england_fa_cup,1,interleague,UNK
2016/2017,1034,england_fa_cup,1,interleague,UNK
2017/2018,1033,england_fa_cup,1,interleague,UNK
2018/2019,1674,england_fa_cup,1,interleague,UNK
2019/2020,2414,england_fa_cup,1,interleague,UNK
2020/2021,4803,england_fa_cup,1,interleague,UNK
2021/2022,6068,england_fa_cup,1,interleague,UNK
2022/2023,7836,england_fa_cup,1,interleague,UNK
2023/2024,9759,england_fa_cup,1,interleague,UNK
2024/2025,12542,england_fa_cup,1,interleague,UNK
2011/2012,4080,england_league_cup,1,interleague,UNK
2012/2013,4076,england_league_cup,1,interleague,UNK
2013/2014,1051,england_league_cup,1,interleague,UNK
2014/2015,1050,england_league_cup,1,interleague,UNK
2015/2016,1049,england_league_cup,1,interleague,UNK
2016/2017,1048,england_league_cup,1,interleague,UNK
2017/2018,1047,england_league_cup,1,interleague,UNK
2018/2019,1675,england_league_cup,1,interleague,UNK
2019/2020,2215,england_league_cup,1,interleague,UNK
2020/2021,4780,england_league_cup,1,interleague,UNK
2021/2022,7470,england_league_cup,1,interleague,UNK
2022/2023,7579,england_league_cup,1,interleague,UNK
2023/2024,9574,england_league_cup,1,interleague,UNK
2024/2025,12473,england_league_cup,1,interleague,UNK
2011/2012,3119,england_premier_league,1,domestic,UNK
2012/2013,246,england_premier_league,1,domestic,UNK
2013/2014,12,england_premier_league,1,domestic,UNK
2014/2015,11,england_premier_league,1,domestic,UNK
2015/2016,10,england_premier_league,1,domestic,UNK
2016/2017,9,england_premier_league,1,domestic,UNK
2017/2018,161,england_premier_league,1,domestic,UNK
2018/2019,1625,england_premier_league,1,domestic,UNK
2019/2020,2012,england_premier_league,1,domestic,UNK
2020/2021,4759,england_premier_league,1,domestic,UNK
2021/2022,6135,england_premier_league,1,domestic,UNK
2022/2023,7704,england_premier_league,1,domestic,UNK
2023/2024,9660,england_premier_league,1,domestic,UNK
2024/2025,12325,england_premier_league,1,domestic,UNK
2013/2014,349,estonia_meistriliiga,1,domestic,EST
2014/2015,348,estonia_meistriliiga,1,domestic,EST
2015/2016,347,estonia_meistriliiga,1,domestic,EST
2016/2017,346,estonia_meistriliiga,1,domestic,EST
2017/2018,345,estonia_meistriliiga,1,domestic,EST
2018/2019,988,estonia_meistriliiga,1,domestic,EST
2019/2020,1882,estonia_meistriliiga,1,domestic,EST
2020/2021,3675,estonia_meistriliiga,1,domestic,EST
2021/2022,5472,estonia_meistriliiga,1,domestic,EST
2022/2023,7073,estonia_meistriliiga,1,domestic,EST
2023/2024,8898,estonia_meistriliiga,1,domestic,EST
2024/2025,11119,estonia_meistriliiga,1,domestic,EST
2011/2012,4062,europe_uefa_champions_league,1,interleague,EUR
2012/2013,4053,europe_uefa_champions_league,1,interleague,EUR
2013/2014,159,europe_uefa_champions_league,1,interleague,EUR
2014/2015,158,europe_uefa_champions_league,1,interleague,EUR
2015/2016,157,europe_uefa_champions_league,1,interleague,EUR
2016/2017,6,europe_uefa_champions_league,1,interleague,EUR
2017/2018,247,europe_uefa_champions_league,1,interleague,EUR
2018/2019,1534,europe_uefa_champions_league,1,interleague,EUR
2019/2020,2202,europe_uefa_champions_league,1,interleague,EUR
2020/2021,4655,europe_uefa_champions_league,1,interleague,EUR
2021/2022,5977,europe_uefa_champions_league,1,interleague,EUR
2022/2023,7455,europe_uefa_champions_league,1,interleague,EUR
2023/2024,9543,europe_uefa_champions_league,1,interleague,EUR
2024/2025,12321,europe_uefa_champions_league,1,interleague,EUR
2021/2022,7322,europe_uefa_europa_conference_league,1,interleague,EUR
2022/2023,7480,europe_uefa_europa_conference_league,1,interleague,EUR
2023/2024,9600,europe_uefa_europa_conference_league,1,interleague,EUR
2024/2025,12278,europe_uefa_europa_conference_league,1,interleague,EUR
2011/2012,4070,europe_uefa_europa_league,1,interleague,EUR
2012/2013,4060,europe_uefa_europa_league,1,interleague,EUR
2013/2014,1806,europe_uefa_europa_league,1,interleague,EUR
2014/2015,1805,europe_uefa_europa_league,1,interleague,EUR
2015/2016,6731,europe_uefa_europa_league,1,interleague,EUR
2016/2017,1700,europe_uefa_europa_league,1,interleague,EUR
2017/2018,964,europe_uefa_europa_league,1,interleague,EUR
2018/2019,1535,europe_uefa_europa_league,1,interleague,EUR
2019/2020,2203,europe_uefa_europa_league,1,interleague,EUR
2020/2021,4693,europe_uefa_europa_league,1,interleague,EUR
2021/2022,6218,europe_uefa_europa_league,1,interleague,EUR
2022/2023,7985,europe_uefa_europa_league,1,interleague,EUR
2023/2024,10210,europe_uefa_europa_league,1,interleague,EUR
2024/2025,12327,europe_uefa_europa_league,1,interleague,EUR
2014/2015,60,finland_veikkausliiga,1,domestic,FIN
2015/2016,72,finland_veikkausliiga,1,domestic,FIN
2016/2017,59,finland_veikkausliiga,1,domestic,FIN
2017/2018,58,finland_veikkausliiga,1,domestic,FIN
2018/2019,1191,finland_veikkausliiga,1,domestic,FIN
2019/2020,1874,finland_veikkausliiga,1,domestic,FIN
2020/2021,3645,finland_veikkausliiga,1,domestic,FIN
2021/2022,5477,finland_veikkausliiga,1,domestic,FIN
2022/2023,7120,finland_veikkausliiga,1,domestic,FIN
2023/2024,8935,finland_veikkausliiga,1,domestic,FIN
2024/2025,11120,finland_veikkausliiga,1,domestic,FIN
2011/2012,4136,france_ligue_1,1,domestic,FRA
2012/2013,4127,france_ligue_1,1,domestic,FRA
2013/2014,67,france_ligue_1,1,domestic,FRA
2014/2015,66,france_ligue_1,1,domestic,FRA
2015/2016,75,france_ligue_1,1,domestic,FRA
2016/2017,65,france_ligue_1,1,domestic,FRA
2017/2018,180,france_ligue_1,1,domestic,FRA
2018/2019,1508,france_ligue_1,1,domestic,FRA
2019/2020,2392,france_ligue_1,1,domestic,FRA
2020/2021,4505,france_ligue_1,1,domestic,FRA
2021/2022,6019,france_ligue_1,1,domestic,FRA
2022/2023,7500,france_ligue_1,1,domestic,FRA
2023/2024,9674,france_ligue_1,1,domestic,FRA
2024/2025,12337,france_ligue_1,1,domestic,FRA
2012/2013,4185,france_ligue_2,1,domestic,FRA
2013/2014,4164,france_ligue_2,1,domestic,FRA
2014/2015,76,france_ligue_2,1,domestic,FRA
2015/2016,74,france_ligue_2,1,domestic,FRA
2016/2017,73,france_ligue_2,1,domestic,FRA
2017/2018,181,france_ligue_2,1,domestic,FRA
2018/2019,1579,france_ligue_2,1,domestic,FRA
2019/2020,2396,france_ligue_2,1,domestic,FRA
2020/2021,4645,france_ligue_2,1,domestic,FRA
2021/2022,6018,france_ligue_2,1,domestic,FRA
2022/2023,7501,france_ligue_2,1,domestic,FRA
2023/2024,9621,france_ligue_2,1,domestic,FRA
2024/2025,12338,france_ligue_2,1,domestic,FRA
2011/2012,4195,germany_2_bundesliga,1,domestic,DEU
2012/2013,4168,germany_2_bundesliga,1,domestic,DEU
2013/2014,4131,germany_2_bundesliga,1,domestic,DEU
2014/2015,85,germany_2_bundesliga,1,domestic,DEU
2015/2016,84,germany_2_bundesliga,1,domestic,DEU
2016/2017,83,germany_2_bundesliga,1,domestic,DEU
2017/2018,188,germany_2_bundesliga,1,domestic,DEU
2018/2019,1578,germany_2_bundesliga,1,domestic,DEU
2019/2020,4388,germany_2_bundesliga,1,domestic,DEU
2020/2021,4676,germany_2_bundesliga,1,domestic,DEU
2021/2022,6020,germany_2_bundesliga,1,domestic,DEU
2022/2023,7499,germany_2_bundesliga,1,domestic,DEU
2023/2024,9656,germany_2_bundesliga,1,domestic,DEU
2024/2025,12528,germany_2_bundesliga,1,domestic,DEU
2011/2012,4123,germany_bundesliga,1,domestic,DEU
2012/2013,4105,germany_bundesliga,1,domestic,DEU
2013/2014,7,germany_bundesliga,1,domestic,DEU
2014/2015,5,germany_bundesliga,1,domestic,DEU
2015/2016,4,germany_bundesliga,1,domestic,DEU
2016/2017,3,germany_bundesliga,1,domestic,DEU
2017/2018,177,germany_bundesliga,1,domestic,DEU
2018/2019,1636,germany_bundesliga,1,domestic,DEU
2019/2020,4392,germany_bundesliga,1,domestic,DEU
2020/2021,4673,germany_bundesliga,1,domestic,DEU
2021/2022,6192,germany_bundesliga,1,domestic,DEU
2022/2023,7664,germany_bundesliga,1,domestic,DEU
2023/2024,9655,germany_bundesliga,1,domestic,DEU
2024/2025,12529,germany_bundesliga,1,domestic,DEU
2013/2014,934,greece_super_league,1,domestic,GRC
2014/2015,933,greece_super_league,1,domestic,GRC
2015/2016,209,greece_super_league,1,domestic,GRC
2016/2017,208,greece_super_league,1,domestic,GRC
2017/2018,207,greece_super_league,1,domestic,GRC
2018/2019,1752,greece_super_league,1,domestic,GRC
2019/2020,2667,greece_super_league,1,domestic,GRC
2020/2021,4957,greece_super_league,1,domestic,GRC
2021/2022,6282,greece_super_league,1,domestic,GRC
2022/2023,7954,greece_super_league,1,domestic,GRC
2023/2024,9889,greece_super_league,1,domestic,GRC
2024/2025,12734,greece_super_league,1,domestic,GRC
2013/2014,728,hungarionb_i,1,domestic,HUN
2014/2015,731,hungarionb_i,1,domestic,HUN
2015/2016,727,hungarionb_i,1,domestic,HUN
2016/2017,726,hungarionb_i,1,domestic,HUN
2017/2018,730,hungarionb_i,1,domestic,HUN
2018/2019,1566,hungarionb_i,1,domestic,HUN
2019/2020,2282,hungarionb_i,1,domestic,HUN
2020/2021,4534,hungarionb_i,1,domestic,HUN
2021/2022,5936,hungarionb_i,1,domestic,HUN
2022/2023,7967,hungarionb_i,1,domestic,HUN
2023/2024,10007,hungarionb_i,1,domestic,HUN
2024/2025,12334,hungarionb_i,1,domestic,HUN
2011/2012,3940,italy_serie_a,1,domestic,ITA
2012/2013,3945,italy_serie_a,1,domestic,ITA
2013/2014,71,italy_serie_a,1,domestic,ITA
2014/2015,70,italy_serie_a,1,domestic,ITA
2015/2016,69,italy_serie_a,1,domestic,ITA
2016/2017,68,italy_serie_a,1,domestic,ITA
2017/2018,182,italy_serie_a,1,domestic,ITA
2018/2019,1680,italy_serie_a,1,domestic,ITA
2019/2020,2588,italy_serie_a,1,domestic,ITA
2020/2021,4889,italy_serie_a,1,domestic,ITA
2021/2022,6198,italy_serie_a,1,domestic,ITA
2022/2023,7608,italy_serie_a,1,domestic,ITA
2023/2024,9697,italy_serie_a,1,domestic,ITA
2024/2025,12530,italy_serie_a,1,domestic,ITA
2011/2012,3949,italy_serie_b,1,domestic,ITA
2012/2013,81,italy_serie_b,1,domestic,ITA
2013/2014,80,italy_serie_b,1,domestic,ITA
2014/2015,79,italy_serie_b,1,domestic,ITA
2015/2016,78,italy_serie_b,1,domestic,ITA
2016/2017,77,italy_serie_b,1,domestic,ITA
2017/2018,183,italy_serie_b,1,domestic,ITA
2018/2019,1749,italy_serie_b,1,domestic,ITA
2019/2020,2642,italy_serie_b,1,domestic,ITA
2020/2021,4972,italy_serie_b,1,domestic,ITA
2021/2022,6205,italy_serie_b,1,domestic,ITA
2022/2023,7864,italy_serie_b,1,domestic,ITA
2023/2024,9808,italy_serie_b,1,domestic,ITA
2024/2025,12621,italy_serie_b,1,domestic,ITA
2014/2015,1143,kazakhstan_kazakhstan_premier_league,1,domestic,KAZ
2015/2016,1142,kazakhstan_kazakhstan_premier_league,1,domestic,KAZ
2016/2017,1141,kazakhstan_kazakhstan_premier_league,1,domestic,KAZ
2017/2018,1140,kazakhstan_kazakhstan_premier_league,1,domestic,KAZ
2018/2019,1988,kazakhstan_kazakhstan_premier_league,1,domestic,KAZ
2019/2020,1896,kazakhstan_kazakhstan_premier_league,1,domestic,KAZ
2020/2021,3688,kazakhstan_kazakhstan_premier_league,1,domestic,KAZ
2021/2022,5617,kazakhstan_kazakhstan_premier_league,1,domestic,KAZ
2022/2023,7128,kazakhstan_kazakhstan_premier_league,1,domestic,KAZ
2023/2024,8953,kazakhstan_kazakhstan_premier_league,1,domestic,KAZ
2024/2025,11279,kazakhstan_kazakhstan_premier_league,1,domestic,KAZ
2013/2014,206,latvia_virsliga,1,domestic,LVA
2014/2015,205,latvia_virsliga,1,domestic,LVA
2015/2016,204,latvia_virsliga,1,domestic,LVA
2016/2017,203,latvia_virsliga,1,domestic,LVA
2017/2018,202,latvia_virsliga,1,domestic,LVA
2018/2019,1171,latvia_virsliga,1,domestic,LVA
2019/2020,1930,latvia_virsliga,1,domestic,LVA
2020/2021,3566,latvia_virsliga,1,domestic,LVA
2021/2022,5622,latvia_virsliga,1,domestic,LVA
2022/2023,7132,latvia_virsliga,1,domestic,LVA
2023/2024,9043,latvia_virsliga,1,domestic,LVA
2024/2025,11280,latvia_virsliga,1,domestic,LVA
2016/2017,2058,moldova_moldovaionational_division,1,domestic,MDA
2017/2018,2057,moldova_moldovaionational_division,1,domestic,MDA
2018/2019,2056,moldova_moldovaionational_division,1,domestic,MDA
2019/2020,4437,moldova_moldovaionational_division,1,domestic,MDA
2020/2021,4775,moldova_moldovaionational_division,1,domestic,MDA
2021/2022,5949,moldova_moldovaionational_division,1,domestic,MDA
2022/2023,9163,moldova_moldovaionational_division,1,domestic,MDA
2023/2024,9754,moldova_moldovaionational_division,1,domestic,MDA
2024/2025,12344,moldova_moldovaionational_division,1,domestic,MDA
2011/2012,4243,netherlands_eerste_divisie,1,domestic,NLD
2012/2013,4236,netherlands_eerste_divisie,1,domestic,NLD
2013/2014,4228,netherlands_eerste_divisie,1,domestic,NLD
2014/2015,57,netherlands_eerste_divisie,1,domestic,NLD
2015/2016,56,netherlands_eerste_divisie,1,domestic,NLD
2016/2017,55,netherlands_eerste_divisie,1,domestic,NLD
2017/2018,179,netherlands_eerste_divisie,1,domestic,NLD
2018/2019,1584,netherlands_eerste_divisie,1,domestic,NLD
2019/2020,2273,netherlands_eerste_divisie,1,domestic,NLD
2020/2021,4748,netherlands_eerste_divisie,1,domestic,NLD
2021/2022,5950,netherlands_eerste_divisie,1,domestic,NLD
2022/2023,7484,netherlands_eerste_divisie,1,domestic,NLD
2023/2024,9654,netherlands_eerste_divisie,1,domestic,NLD
2024/2025,12317,netherlands_eerste_divisie,1,domestic,NLD
2011/2012,4234,netherlands_eredivisie,1,domestic,NLD
2012/2013,4226,netherlands_eredivisie,1,domestic,NLD
2013/2014,54,netherlands_eredivisie,1,domestic,NLD
2014/2015,53,netherlands_eredivisie,1,domestic,NLD
2015/2016,52,netherlands_eredivisie,1,domestic,NLD
2016/2017,51,netherlands_eredivisie,1,domestic,NLD
2017/2018,178,netherlands_eredivisie,1,domestic,NLD
2018/2019,1585,netherlands_eredivisie,1,domestic,NLD
2019/2020,2272,netherlands_eredivisie,1,domestic,NLD
2020/2021,4746,netherlands_eredivisie,1,domestic,NLD
2021/2022,5951,netherlands_eredivisie,1,domestic,NLD
2022/2023,7482,netherlands_eredivisie,1,domestic,NLD
2023/2024,9653,netherlands_eredivisie,1,domestic,NLD
2024/2025,12322,netherlands_eredivisie,1,domestic,NLD
2011/2012,4242,norway_eliteserien,1,domestic,NOR
2012/2013,4237,norway_eliteserien,1,domestic,NOR
2013/2014,4231,norway_eliteserien,1,domestic,NOR
2014/2015,4224,norway_eliteserien,1,domestic,NOR
2015/2016,45,norway_eliteserien,1,domestic,NOR
2016/2017,44,norway_eliteserien,1,domestic,NOR
2017/2018,46,norway_eliteserien,1,domestic,NOR
2018/2019,993,norway_eliteserien,1,domestic,NOR
2019/2020,1839,norway_eliteserien,1,domestic,NOR
2020/2021,3695,norway_eliteserien,1,domestic,NOR
2021/2022,5496,norway_eliteserien,1,domestic,NOR
2022/2023,7048,norway_eliteserien,1,domestic,NOR
2023/2024,8739,norway_eliteserien,1,domestic,NOR
2024/2025,10976,norway_eliteserien,1,domestic,NOR
2011/2012,3975,poland_ekstraklasa,1,domestic,POL
2012/2013,3973,poland_ekstraklasa,1,domestic,POL
2013/2014,257,poland_ekstraklasa,1,domestic,POL
2014/2015,279,poland_ekstraklasa,1,domestic,POL
2015/2016,256,poland_ekstraklasa,1,domestic,POL
2016/2017,278,poland_ekstraklasa,1,domestic,POL
2017/2018,255,poland_ekstraklasa,1,domestic,POL
2018/2019,1589,poland_ekstraklasa,1,domestic,POL
2019/2020,2328,poland_ekstraklasa,1,domestic,POL
2020/2021,4760,poland_ekstraklasa,1,domestic,POL
2021/2022,5948,poland_ekstraklasa,1,domestic,POL
2022/2023,7428,poland_ekstraklasa,1,domestic,POL
2023/2024,9553,poland_ekstraklasa,1,domestic,POL
2024/2025,12120,poland_ekstraklasa,1,domestic,POL
2011/2012,4232,portugal_liga_nos,1,domestic,PRT
2012/2013,4225,portugal_liga_nos,1,domestic,PRT
2013/2014,18,portugal_liga_nos,1,domestic,PRT
2014/2015,17,portugal_liga_nos,1,domestic,PRT
2015/2016,14,portugal_liga_nos,1,domestic,PRT
2016/2017,13,portugal_liga_nos,1,domestic,PRT
2017/2018,173,portugal_liga_nos,1,domestic,PRT
2018/2019,1593,portugal_liga_nos,1,domestic,PRT
2019/2020,2321,portugal_liga_nos,1,domestic,PRT
2020/2021,4885,portugal_liga_nos,1,domestic,PRT
2021/2022,6117,portugal_liga_nos,1,domestic,PRT
2022/2023,7731,portugal_liga_nos,1,domestic,PRT
2023/2024,9984,portugal_liga_nos,1,domestic,PRT
2024/2025,12931,portugal_liga_nos,1,domestic,PRT
2012/2013,4291,portugal_liga_pro,1,domestic,PRT
2014/2015,4284,portugal_liga_pro,1,domestic,PRT
2015/2016,966,portugal_liga_pro,1,domestic,PRT
2016/2017,965,portugal_liga_pro,1,domestic,PRT
2017/2018,174,portugal_liga_pro,1,domestic,PRT
2018/2019,1594,portugal_liga_pro,1,domestic,PRT
2019/2020,2320,portugal_liga_pro,1,domestic,PRT
2020/2021,4886,portugal_liga_pro,1,domestic,PRT
2021/2022,6116,portugal_liga_pro,1,domestic,PRT
2022/2023,7732,portugal_liga_pro,1,domestic,PRT
2023/2024,9704,portugal_liga_pro,1,domestic,PRT
2024/2025,12585,portugal_liga_pro,1,domestic,PRT
2013/2014,1090,romania_liga_i,1,domestic,ROU
2014/2015,1089,romania_liga_i,1,domestic,ROU
2015/2016,1088,romania_liga_i,1,domestic,ROU
2016/2017,1087,romania_liga_i,1,domestic,ROU
2017/2018,1086,romania_liga_i,1,domestic,ROU
2018/2019,1596,romania_liga_i,1,domestic,ROU
2019/2020,2312,romania_liga_i,1,domestic,ROU
2020/2021,4764,romania_liga_i,1,domestic,ROU
2021/2022,6037,romania_liga_i,1,domestic,ROU
2022/2023,7663,romania_liga_i,1,domestic,ROU
2023/2024,9622,romania_liga_i,1,domestic,ROU
2024/2025,12495,romania_liga_i,1,domestic,ROU
2012/2013,223,scotland_premiership,1,domestic,SCO
2013/2014,169,scotland_premiership,1,domestic,SCO
2014/2015,168,scotland_premiership,1,domestic,SCO
2015/2016,167,scotland_premiership,1,domestic,SCO
2016/2017,2,scotland_premiership,1,domestic,SCO
2017/2018,164,scotland_premiership,1,domestic,SCO
2018/2019,1600,scotland_premiership,1,domestic,SCO
2019/2020,2361,scotland_premiership,1,domestic,SCO
2020/2021,4478,scotland_premiership,1,domestic,SCO
2021/2022,5992,scotland_premiership,1,domestic,SCO
2022/2023,7494,scotland_premiership,1,domestic,SCO
2023/2024,9636,scotland_premiership,1,domestic,SCO
2024/2025,12455,scotland_premiership,1,domestic,SCO
2013/2014,420,serbia_superliga,1,domestic,SRB
2014/2015,419,serbia_superliga,1,domestic,SRB
2015/2016,418,serbia_superliga,1,domestic,SRB
2016/2017,417,serbia_superliga,1,domestic,SRB
2017/2018,416,serbia_superliga,1,domestic,SRB
2018/2019,1604,serbia_superliga,1,domestic,SRB
2019/2020,2254,serbia_superliga,1,domestic,SRB
2020/2021,4533,serbia_superliga,1,domestic,SRB
2021/2022,6046,serbia_superliga,1,domestic,SRB
2022/2023,7492,serbia_superliga,1,domestic,SRB
2023/2024,10070,serbia_superliga,1,domestic,SRB
2024/2025,12138,serbia_superliga,1,domestic,SRB
2013/2014,441,slovakia_super_liga,1,domestic,SVK
2014/2015,440,slovakia_super_liga,1,domestic,SVK
2015/2016,439,slovakia_super_liga,1,domestic,SVK
2016/2017,448,slovakia_super_liga,1,domestic,SVK
2017/2018,447,slovakia_super_liga,1,domestic,SVK
2018/2019,1606,slovakia_super_liga,1,domestic,SVK
2019/2020,2256,slovakia_super_liga,1,domestic,SVK
2020/2021,4572,slovakia_super_liga,1,domestic,SVK
2021/2022,5944,slovakia_super_liga,1,domestic,SVK
2022/2023,7958,slovakia_super_liga,1,domestic,SVK
2023/2024,9671,slovakia_super_liga,1,domestic,SVK
2024/2025,12944,slovakia_super_liga,1,domestic,SVK
2011/2012,3631,spain_la_liga,1,domestic,ESP
2012/2013,38,spain_la_liga,1,domestic,ESP
2013/2014,37,spain_la_liga,1,domestic,ESP
2014/2015,36,spain_la_liga,1,domestic,ESP
2015/2016,35,spain_la_liga,1,domestic,ESP
2016/2017,34,spain_la_liga,1,domestic,ESP
2017/2018,171,spain_la_liga,1,domestic,ESP
2018/2019,1677,spain_la_liga,1,domestic,ESP
2019/2020,2319,spain_la_liga,1,domestic,ESP
2020/2021,4944,spain_la_liga,1,domestic,ESP
2021/2022,6211,spain_la_liga,1,domestic,ESP
2022/2023,7665,spain_la_liga,1,domestic,ESP
2023/2024,9665,spain_la_liga,1,domestic,ESP
2024/2025,12316,spain_la_liga,1,domestic,ESP
2011/2012,4167,spain_segunda_division,1,domestic,ESP
2012/2013,43,spain_segunda_division,1,domestic,ESP
2013/2014,42,spain_segunda_division,1,domestic,ESP
2014/2015,41,spain_segunda_division,1,domestic,ESP
2015/2016,40,spain_segunda_division,1,domestic,ESP
2016/2017,39,spain_segunda_division,1,domestic,ESP
2017/2018,172,spain_segunda_division,1,domestic,ESP
2018/2019,1670,spain_segunda_division,1,domestic,ESP
2019/2020,2415,spain_segunda_division,1,domestic,ESP
2020/2021,4842,spain_segunda_division,1,domestic,ESP
2021/2022,6120,spain_segunda_division,1,domestic,ESP
2022/2023,7592,spain_segunda_division,1,domestic,ESP
2023/2024,9675,spain_segunda_division,1,domestic,ESP
2024/2025,12467,spain_segunda_division,1,domestic,ESP
2011/2012,4315,sweden_allsvenskan,1,domestic,SWE
2013/2014,4307,sweden_allsvenskan,1,domestic,SWE
2014/2015,107,sweden_allsvenskan,1,domestic,SWE
2015/2016,106,sweden_allsvenskan,1,domestic,SWE
2016/2017,105,sweden_allsvenskan,1,domestic,SWE
2017/2018,104,sweden_allsvenskan,1,domestic,SWE
2018/2019,994,sweden_allsvenskan,1,domestic,SWE
2019/2020,1848,sweden_allsvenskan,1,domestic,SWE
2020/2021,3703,sweden_allsvenskan,1,domestic,SWE
2021/2022,5505,sweden_allsvenskan,1,domestic,SWE
2022/2023,7064,sweden_allsvenskan,1,domestic,SWE
2023/2024,8737,sweden_allsvenskan,1,domestic,SWE
2024/2025,10969,sweden_allsvenskan,1,domestic,SWE
2012/2013,140,switzerland_super_league,1,domestic,SWI
2013/2014,139,switzerland_super_league,1,domestic,SWI
2014/2015,138,switzerland_super_league,1,domestic,SWI
2015/2016,137,switzerland_super_league,1,domestic,SWI
2016/2017,136,switzerland_super_league,1,domestic,SWI
2017/2018,186,switzerland_super_league,1,domestic,SWI
2018/2019,1610,switzerland_super_league,1,domestic,SWI
2019/2020,2249,switzerland_super_league,1,domestic,SWI
2020/2021,4906,switzerland_super_league,1,domestic,SWI
2021/2022,6044,switzerland_super_league,1,domestic,SWI
2022/2023,7504,switzerland_super_league,1,domestic,SWI
2023/2024,9580,switzerland_super_league,1,domestic,SWI
2024/2025,12326,switzerland_super_league,1,domestic,SWI
2014/2015,21,turkey_s_per_lig,1,domestic,TUR
2015/2016,20,turkey_s_per_lig,1,domestic,TUR
2016/2017,19,turkey_s_per_lig,1,domestic,TUR
2017/2018,175,turkey_s_per_lig,1,domestic,TUR
2018/2019,1614,turkey_s_per_lig,1,domestic,TUR
2019/2020,2648,turkey_s_per_lig,1,domestic,TUR
2020/2021,4840,turkey_s_per_lig,1,domestic,TUR
2021/2022,6125,turkey_s_per_lig,1,domestic,TUR
2022/2023,7768,turkey_s_per_lig,1,domestic,TUR
2023/2024,9913,turkey_s_per_lig,1,domestic,TUR
2024/2025,12641,turkey_s_per_lig,1,domestic,TUR
2013/2014,364,ukraine_ukrainian_premier_league,1,domestic,UKR
2014/2015,363,ukraine_ukrainian_premier_league,1,domestic,UKR
2015/2016,362,ukraine_ukrainian_premier_league,1,domestic,UKR
2016/2017,361,ukraine_ukrainian_premier_league,1,domestic,UKR
2017/2018,360,ukraine_ukrainian_premier_league,1,domestic,UKR
2018/2019,1618,ukraine_ukrainian_premier_league,1,domestic,UKR
2019/2020,2317,ukraine_ukrainian_premier_league,1,domestic,UKR
2020/2021,4751,ukraine_ukrainian_premier_league,1,domestic,UKR
2021/2022,5943,ukraine_ukrainian_premier_league,1,domestic,UKR
2022/2023,8222,ukraine_ukrainian_premier_league,1,domestic,UKR
2023/2024,9699,ukraine_ukrainian_premier_league,1,domestic,UKR
2024/2025,12483,ukraine_ukrainian_premier_league,1,domestic,UKR
